Timestamp,Name of person presenting,Name of project/news package
4/20/2017 15:53,Jackie Estrada,Life on Hold
4/20/2017 15:53,Jackie Estrada,Life on hold
4/20/2017 15:53,Jackie Estrada,Life on Hold
4/20/2017 15:53,Jackie Estrada,Life on Hold - Syrian Refugees in Lebanon 
4/20/2017 15:53,Jackie Estrada,Life On Hold
4/20/2017 15:53,Jackie Estrada,Life on Hold
4/20/2017 15:53,Jackie Estrada,Life on Hold: Stories of Syrian Refugees in Lebanon
4/20/2017 15:53,Jackie Estrada,Life on Hold 
4/20/2017 15:53,Jackie Estrada,Life on Hold
4/20/2017 15:54,Jackie Estrada,Life on Hold
4/20/2017 15:54,Jackie Estrada,Life on Hold
4/20/2017 15:54,Jackie Estrada,Life on Hold
4/20/2017 15:54,Jackie Estrada,Life on Hold
4/20/2017 15:55,Jackie Estrada,Life On Hold
4/20/2017 15:55,Jackie Estrada,Life on Hold 
4/20/2017 15:57,Jackie Estrada,Life ln Hold | Stories of Syrian refugees in Lebanon
4/20/2017 16:01,Jackie Estrada,Look at This
4/20/2017 16:04,Jackie Estrada,NPR's Look at This
4/20/2017 16:04,Jackie Estrada,Look At This 
4/20/2017 16:05,Jackie Estrada,Look at this
4/20/2017 16:05,Jackie Estrada,NPR Look At This
4/20/2017 16:06,Jackie Estrada,Look at This
4/20/2017 16:06,Jackie Estrada,NPR's Look at This
4/20/2017 16:06,Jackie Estrada,Look at This
4/20/2017 16:07,Jackie Estrada,Look at this NPR
4/20/2017 16:07,Jackie Estrada,Look At This
4/20/2017 16:07,Jackie Estrada,NPR's Look At This
4/20/2017 16:08,Jackie Estrada,Look at This
4/20/2017 16:08,Jackie Estrada,Look at this
4/20/2017 16:08,Jackie Estrada,Look at This
4/20/2017 16:09,Jackie Estrada,Look At This
4/20/2017 16:09,Jackie Estrada,Look at this
4/20/2017 16:09,Jackie Estrada,Look at This
4/20/2017 16:09,Jackie Estrada,Look at this story
4/20/2017 16:15,Jackie Estrada,Life on hold
4/20/2017 16:23,Jackie Estrada,Hajj Accidents
4/20/2017 16:24,Jackie Estrada,How one of the deadliest Hajj accidents unfolded 
4/20/2017 16:25,Jackie Estrada,NYT Deadliest Hajj Accidents
4/20/2017 16:26,Jackie Estrada,How One of the Deadliest Hajj Accidents Unfolded
4/20/2017 16:27,Jackie Estrada,How One of the Deadliest Hajj Accidents Unfolded
4/20/2017 16:27,Jackie Estrada,How One of the Deadliest Hajj Accidents Unfolded
4/20/2017 16:27,Jackie Estrada,How One of the Deadliest Hajj Accidents Unfolded - NYT
4/20/2017 16:27,Jackie Estrada,How One of the Deadliest Hajj Accidents Unfolded
4/20/2017 16:27,Jackie Estrada,Deadliest Hajj Accidents Unfolded
4/20/2017 16:27,Jackie Estrada,How One of the Deadliest Hajj Accidents Unfolded
4/20/2017 16:27,Jackie Estrada,How one of the deadliest hajj accidents unfolded
4/20/2017 16:27,Jackie Estrada,How One of the Deadliest Hajj Accidents Unfolded
4/20/2017 16:27,Jackie Estrada,How One of the Dealiest Hajj Accidents Unfolded
4/20/2017 16:27,Jackie Estrada,How one of the Deadliest Hajj Accidents Unfolded
4/20/2017 16:28,Jackie Estrada,How One of The Deadliest Hajj Accident unfolded
4/20/2017 16:28,Jackie Estrada,How one of the deadliest hajj accidents unfolded
4/20/2017 16:28,Jackie Estrada,How one of the deadliest Hajj Accidents u
4/20/2017 16:30,Jackie Estrada,How One of the Deadliest Hajj Accidents Unfolded
4/20/2017 16:39,Jackie Estrada,The Drone Papers
4/20/2017 16:39,Jackie Estrada,The Drone Papers
4/20/2017 16:39,Jackie Estrada,The Drone Papers
4/20/2017 16:39,Jackie Estrada,The Drone Papers
4/20/2017 16:40,Jackie Estrada,The Drone Papers 
4/20/2017 16:40,Jackie Estrada,The Drone Papers
4/20/2017 16:41,Jackie Estrada,Drone Papers 
4/20/2017 16:41,Jackie Estrada,The Drone Papers/The Intercept
4/20/2017 16:41,Jackie Estrada,The Drone Papers
4/20/2017 16:42,Jackie Estrada,The Drone Papers
4/20/2017 16:42,Jackie Estrada,The Drone Papers
4/20/2017 16:42,Jackie Estrada,The Drone Papers
4/20/2017 16:42,Jackie Estrada,The Drone Papers
4/20/2017 16:42,Jackie Estrada,The Drone Papers
4/20/2017 16:43,Jackie Estrada,The Drone Papers
4/20/2017 16:43,Jackie Estrada,The drone papers
4/20/2017 16:44,Jackie Estrada,The Drone Papers 
4/20/2017 16:46,Jackie Estrada,The Drone Papers
4/20/2017 16:48,Jackie Estrada,The Drone Papers
4/20/2017 16:52,Jackie Estrada,Greenland is Melting Away
4/20/2017 16:52,Jackie Estrada,Greenland is Melting Away
4/20/2017 16:55,Jackie Estrada,Living in China's Expanding Desert
4/20/2017 16:58,Jackie Estrada,Greenland Is Melting Away | China
4/20/2017 16:59,Jackie Estrada,Greenland is melting away
4/20/2017 17:00,Jackie Estrada,Greenland is Melting
4/20/2017 17:00,Jackie Estrada,Climate Change!!
4/20/2017 17:00,Jackie Estrada,Greenland is melting
4/20/2017 17:00,Jackie Estrada,Greenland Is Melting Away/Living in China's Expanding Desert
4/20/2017 17:00,Jackie Estrada,Greenland Is Melting Away/Living in China's Expanding Deserts
4/20/2017 17:00,Jackie Estrada,Greenland is Melting Away / Living in China's Expanding Deserts
4/20/2017 17:00,Jackie Estrada,Living in China's Expanding Deserts
4/20/2017 17:00,Jackie Estrada,Greenland is Melting / Living in China's Expanding Deserts
4/20/2017 17:00,Jackie Estrada,"Greenland is Melting Aeay, "
4/20/2017 17:00,Jackie Estrada,Greenland Is Melting Away
4/20/2017 17:01,Jackie Estrada,Greenland Is Melting Away
4/20/2017 17:01,Jackie Estrada,Greenland is Melting
4/20/2017 17:03,Jackie Estrada,Haji Accidents
4/20/2017 17:03,Jackie Estrada,Greenland is Melting Away/ Living in China's Expanding Deserts 
4/20/2017 17:05,Jackie Estrada,Greenland Is Melting Away
4/20/2017 17:09,Jackie Estrada,Eden Story
4/20/2017 17:10,Jackie Estrada,Greenland is Melting Away
4/20/2017 17:13,Jackie Estrada,Out of Eden Walk
4/20/2017 17:13,Jackie Estrada,Out of Eden Walk 
4/20/2017 17:14,Out of Eden Walk,Jacqueline Jacobs
4/20/2017 17:14,Jackie Estrada,National Geographic Out of Eden Walking Project
4/20/2017 17:16,Jackie Estrada,Out of Eden Walk
4/20/2017 17:16,Jackie Estrada,Around the world in 10 years
4/20/2017 17:16,Jackie Estrada,Out of Eden Walk
4/20/2017 17:16,Jackie Estrada,Out of Eden Walk
4/20/2017 17:16,Jackie Estrada,Out of Eden
4/20/2017 17:17,Jackie Estrada,Out of Eden
4/20/2017 17:17,Jackie Estrada,Out of Eden Walk
4/20/2017 17:17,Jackie Estrada,Out of Eden Walk
4/20/2017 17:17,Jackie Estrada,Out of Eden Walk 
4/20/2017 17:17,Jackie Estrada,Out Of Eden Walk
4/20/2017 17:17,Jackie Estrada,Out of Eden
4/20/2017 17:18,Jackie Estrada,Out of Eden
4/20/2017 17:20,Jackie Estrada,Paul Salopek: Out of Eden Walk
4/25/2017 22:09,Jackie Estrada,? (I missed the beginning of the presentation)
4/25/2017 22:12,Jackie Estrada,"On Sept. 24, 2015, hundreds, maybe thousands, of pilgrims were crushed to death at the hajj in Mecca."
4/25/2017 22:14,Jackie Estrada,The Drone Papers
4/25/2017 22:17,Jackie Estrada,"Greenland is Melting Away, Living in China's Expanding Deserts"
4/25/2017 22:19,Jackie Estrada,Paul Salopek's Out of Eden Walk 
4/27/2017 15:42,Jackie Estrada,Two Billion Miles
4/27/2017 15:43,Jackie Estrada,Two Billion Miles
4/27/2017 15:45,Jackie Estrada,Two Billion Miles
4/27/2017 15:46,Jackie Estrada,Two Billion Miles
4/27/2017 15:46,Jackie Estrada,Two Billion Miles
4/27/2017 15:46,Jackie Estrada,Two Billion Miles
4/27/2017 15:46,Jackie Estrada,Two Billion Miles
4/27/2017 15:47,Jackie Estrada,Two Billion Miles
4/27/2017 15:48,Jackie Estrada,Two Billion Miles
4/27/2017 15:48,Jackie Estrada,Two billion miles
4/27/2017 15:49,Jackie Estrada,Two Billion Miles
4/27/2017 15:49,Jackie Estrada,Two Billion Miles 
4/27/2017 15:49,Jackie Estrada,Two Billion Miles
4/27/2017 15:49,Jackie Estrada,Two Billion Miles
4/27/2017 15:52,Jackie Estrada,2 billion miles
4/27/2017 15:58,Carrie Ballard,Skunkbear
4/27/2017 15:59,Carrie Ballard,Skunk Bear
4/27/2017 16:00,Carrie Ballard,NPR's Skunkbear
4/27/2017 16:00,Carrie Ballard,Skunkbear 
4/27/2017 16:00,Carrie Ballard,Skunkbear
4/27/2017 16:00,Carrie Ballard,SKUNKBEAR
4/27/2017 16:01,Carrie Ballard,Skunk bear
4/27/2017 16:01,Carrie Ballard,Skunk Bear
4/27/2017 16:01,Carrie Ballard,SKUNKBEAR
4/27/2017 16:01,Carrie Ballard,Skunkbear
4/27/2017 16:01,Carrie Ballard,Skunkbear
4/27/2017 16:01,Carrie Ballard,Skunkbear
4/27/2017 16:01,Carrie Ballard,Skunk Bear
4/27/2017 16:04,Carrie Ballard,NPR's Skunkbear
4/27/2017 16:08,Candice Washington,The People vs. America
4/27/2017 16:11,Candice Washington,The People vs. America 
4/27/2017 16:11,Candice Washington,The People vs. America
4/27/2017 16:14,Candice Washington,The People vs. America
4/27/2017 16:14,Candice Washington,The Big Picture documentaries and expliners
4/27/2017 16:15,Candice Washington,The people vs America
4/27/2017 16:15,Candice Washington,The People vs. America
4/27/2017 16:15,Candice Washington,The People vs. America 
4/27/2017 16:15,Candice Washington,The People vs. America
4/27/2017 16:15,Candice Washington,The People vs America
4/27/2017 16:16,Candice Washington,The People vs. America 
4/27/2017 16:16,Candice Washington,The Big Picture: The People vs. America
4/27/2017 16:16,Candice Washington,The People America
4/27/2017 16:17,Candice Washington,The Big Picture: The People vs. America
4/27/2017 16:17,Candice Washington,Al-Jazeera The People vs. America
4/27/2017 16:24,Jackie Estrada,The Click Effect 
4/27/2017 16:24,Jackie Estrada,The Click Effect
4/27/2017 16:24,Jackie Estrada,The Click Effect
4/27/2017 16:25,Jackie Estrada,The Click Effect 
4/27/2017 16:25,Jackie Estrada,The Click Effect
4/27/2017 16:25,Jackie Estrada,The Click Effect
4/27/2017 16:25,Jackie Estrada,The Click Effect
4/27/2017 16:26,Jackie Estrada, The Click Effect
4/27/2017 16:26,Jackie Estrada,The Click Effect
4/27/2017 16:26,Jackie Estrada,The Click Effect
4/27/2017 16:26,Jackie Estrada,The Click Effect
4/27/2017 16:26,Jackie Estrada,The Click Effect
4/27/2017 16:27,Jackie Estrada,The Click Effect
4/27/2017 16:27,Jackie Estrada,The Click Effect
4/27/2017 16:30,Jackie Estrada,Welcome to Quartz
4/27/2017 16:31,Jackie Estrada,Bot Studio
4/27/2017 16:32,Jackie Estrada,The Click Effect 
4/27/2017 16:32,Jackie Estrada,Quartz Bot Studio
4/27/2017 16:33,Jackie Estrada,Welcome to Quartz
4/27/2017 16:36,Jackie Estrada,Quartz App
4/27/2017 16:36,Jackie Estrada,The quartz bot studio 
4/27/2017 16:36,Jackie Estrada,The Quartz Bot
4/27/2017 16:36,Jackie Estrada,The Quartz Bot Studio 
4/27/2017 16:36,Jackie Estrada,Quartz Bot Studio
4/27/2017 16:36,Jackie Estrada,Quartz
4/27/2017 16:36,Jackie Estrada,The Quartz Bot Studio
4/27/2017 16:37,Jackie Estrada,The Quartz Bot Studio
4/27/2017 16:38,Jackie Estrada,The click effect 
4/27/2017 16:38,Jackie Estrada,Welcome to Quartz
4/27/2017 16:38,Jackie Estrada,Quartz Bots Studio
4/27/2017 16:38,Jackie Estrada,Quartz Bot Studio
4/27/2017 16:42,Evelyn Wong,They're slaughtering us like animals. 
4/27/2017 16:43,Evelyn Wong,They're slaughtering us like animals 
4/27/2017 16:45,Jackie Estrada,The Quartz Bot Studio 
4/27/2017 16:45,Evelyn Wong,They are slaughtering us like animals
4/27/2017 16:46,Candice Washington,the people vs America 
4/27/2017 16:47,Evelyn Wong,Philippines Drugs Killings. 
4/27/2017 16:47,Evelyn Wong,They Are Slaughtering Us Like Animals 
4/27/2017 16:47,Evelyn Wong,They're Slaughtering Us Like Animals
4/27/2017 16:47,Evelyn Wong,They're Slaughtering Us Like Animals 
4/27/2017 16:47,Evelyn Wong,They're Slaughtering us like Animals
4/27/2017 16:47,Evelyn Wong,They're slaughtering us like animals
4/27/2017 16:47,Evelyn Wong,They're Slaughtering Us Like Animals
4/27/2017 16:48,Evelyn Wong,They are slaughtering us like animals
4/27/2017 16:48,Evelyn Wong,NY Times - They Are Slaughtering Us Like Animals
4/27/2017 16:48,Carrie Ballard,Skunkbear
4/27/2017 16:48,Evelyn Wong,They're Slaughtering Us Like Animals
4/27/2017 16:48,Evelyn Wong,They're Slaughtering Us Like Animals 
4/27/2017 16:50,Evelyn Wong,They're slaughtering us like animals - NYTimes
4/27/2017 16:54,Natasha Roberson,Investigative instagram 
4/27/2017 16:54,Natasha Roberson,Investigative Instagram 
4/27/2017 16:54,Natasha Roberson,Bad Deals: The Perils of Bargaining for Justice
4/27/2017 16:56,Natasha Roberson,Investigative Instagram 
4/27/2017 16:59,Natasha Roberson,Reveal's Bad Deals
4/27/2017 16:59,Natasha Roberson,Bad Deals
4/27/2017 16:59,Natasha Roberson,Investigative Instagram
4/27/2017 16:59,Natasha Roberson,Bad Deals: The Perils of Bargaining for Justice 
4/27/2017 17:00,Natasha Roberson,Investigative Instagram
4/27/2017 17:00,Natasha Roberson,Bad Deals: The Perils of Bargaining for Justice
4/27/2017 17:00,Natasha Roberson,Reveal -- Bad Deals: The Perils of Bargaining for Justice
4/27/2017 17:00,Natasha Roberson,Bad Deals
4/27/2017 17:03,Evelyn Wong,They are slaughtering us like animals 
4/27/2017 17:03,Natasha Roberson,Bad Deals
4/27/2017 17:03,Natasha Roberson,Bad Deals
4/27/2017 17:03,Natasha Roberson,Reveal Instagram
4/27/2017 17:03,Natasha Roberson,Reveal: Bad Deals - the Perils of Bargaining
4/27/2017 17:11,Jackie Estrada,The making of a narco-terrorist
4/27/2017 17:13,Jackie Estrada,The Narco-terror trap
4/27/2017 17:13,Jackie Estrada,Making of a narco-terrorist
4/27/2017 17:14,Jackie Estrada,The Making of a Narco Terrorist
4/27/2017 17:14,Jackie Estrada,The Making of a Narco-Terrorist
4/27/2017 17:14,Jackie Estrada,The Making of a Narco-Terrorist 
4/27/2017 17:14,Jackie Estrada,Making of a Narco-Terrorist
4/27/2017 17:14,Jackie Estrada,ProPublica - The Making of a Narco-Terrorist
4/27/2017 17:14,Jackie Estrada,The making of a Narco-Terrorist
4/27/2017 17:14,Jackie Estrada,The Making of A Narco-Terrorist
4/27/2017 17:15,Jackie Estrada,unknown
4/27/2017 17:15,Jackie Estrada,Making of a Narco Terrorist
4/27/2017 17:15,Jackie Estrada,The Making of a Narco-Terrorist
4/27/2017 17:16,Jackie Estrada,Making of Marco-Terrorist 
4/27/2017 17:16,Jackie Estrada,ProPublica's: The Narco-Terror Trap
4/27/2017 17:16,Jackie Estrada,The Making of a Narco-Terrorist
4/27/2017 17:16,Jackie Estrada,Two billion miles 
4/27/2017 17:17,Jackie Estrada,The Making of a Narco - Terrorist
4/27/2017 17:22,Natasha Roberson,View find 
4/27/2017 17:24,Natasha Roberson,Viewfind
4/27/2017 17:25,Natasha Roberson,ViewFind 
4/27/2017 17:25,Natasha Roberson,ViewFind.com
4/27/2017 17:26,Natasha Roberson,Viewfind - Journalism Startup
4/27/2017 17:26,Natasha Roberson,ViewFind
4/27/2017 17:26,Natasha Roberson,Viewfind
4/27/2017 17:26,Natasha Roberson,View Find
4/27/2017 17:26,Natasha Roberson,View Find
4/27/2017 17:28,Natasha Roberson,ViewFind
4/27/2017 17:28,Natasha Roberson,ViewFind
4/27/2017 17:28,Natasha Roberson,View Find
4/27/2017 17:28,Natasha Roberson,ViewFind
4/27/2017 17:28,Natasha Roberson,ViewFind
4/27/2017 17:29,Natasha Roberson,ViewFind
5/4/2017 15:42,Jackie Estrada,Under Our Skin
5/4/2017 15:47,Jackie Estrada,Under Our Skin Seattle Times
5/4/2017 15:47,Jackie Estrada,Under our skin
5/4/2017 15:48,Jackie Estrada,Under Our Skin
5/4/2017 15:48,Jackie Estrada,Under our Skin
5/4/2017 15:48,Jackie Estrada,Under Our Skin
5/4/2017 15:48,Jackie Estrada,Under our Skin
5/4/2017 15:48,Jackie Estrada,Under Our Skin
5/4/2017 15:48,Jackie Estrada,Under Our Skin
5/4/2017 15:48,Jackie Estrada,Under Our Skin
5/4/2017 15:48,Jackie Estrada,Under Our Skin
5/4/2017 15:49,Jackie Estrada,Seattle Times
5/4/2017 15:49,Jackie Estrada,Under Our Skin
5/4/2017 15:50,Jackie Estrada,Under our Skin
5/4/2017 15:50,Jackie Estrada,Under Our Skin 
5/4/2017 15:52,Jackie Estrada,Under Our Skin
5/4/2017 15:54,Jackie Estrada,Under Our Skin
5/4/2017 15:55,Jackie Estrada,"This is your life, brought to you by private equity"
5/4/2017 15:57,Jackie Estrada,"This is Your Life, Brought to You by Private Equity"
5/4/2017 15:57,Jackie Estrada,"This is your life, Brought to you by Private Equity, NYT Jennifer Daniel, Josh Williams"
5/4/2017 16:00,Jackie Estrada,"This is Your Life, Brought to You by Private Equity"
5/4/2017 16:00,Jackie Estrada,This is Your Life 
5/4/2017 16:00,Jackie Estrada,Private Equity 
5/4/2017 16:00,Jackie Estrada,"This is your life, brought to you by private equity"
5/4/2017 16:00,Jackie Estrada,This is your life brought to you by private equity
5/4/2017 16:00,Jackie Estrada,"This is Your Life, Brought to You By Private Equity"
5/4/2017 16:01,Jackie Estrada,This is your life brought to you by private equity
5/4/2017 16:01,Jackie Estrada,Private Equity NYT
5/4/2017 16:01,Jackie Estrada,"This is your life, brought to you by private equity"
5/4/2017 16:01,Jackie Estrada,"This is your life, brought to you by private equity"
5/4/2017 16:02,Jackie Estrada,Private Equity 
5/4/2017 16:02,Jackie Estrada,"This is Your Life, Brought to You by Private Equity"
5/4/2017 16:03,Jackie Estrada,"This is your life, brought to you by private equity"
5/4/2017 16:11,Jackie Estrada,Private Equity
5/4/2017 16:12,Jackie Estrada,Jennifer's Room 
5/4/2017 16:12,Jackie Estrada,In Jennifer's Room
5/4/2017 16:13,Jackie Estrada,In Jennifer's Room
5/4/2017 16:13,Jackie Estrada,In Jennifer's Room
5/4/2017 16:14,Jackie Estrada,In Jennifer's Room
5/4/2017 16:14,Jackie Estrada,In Jennifer's Room 
5/4/2017 16:14,Jackie Estrada,In Jennifer's Room
5/4/2017 16:14,Jackie Estrada,In Jennifer's Room
5/4/2017 16:14,Jackie Estrada,In Jennifer's Room
5/4/2017 16:14,Jackie Estrada,In Jennifer's Room
5/4/2017 16:15,Jackie Estrada,In Jennifer's Room
5/4/2017 16:15,Jackie Estrada,In Jennifer's Room
5/4/2017 16:15,Jackie Estrada,In jennifer's Room
5/4/2017 16:15,Jackie Estrada,In Carrie's Room
5/4/2017 16:15,Jackie Estrada,In Jennifer's Room
5/4/2017 16:15,Jackie Estrada,In Jennifer's Room 
5/4/2017 16:16,Jackie Estrada,Jennifer's Room
5/4/2017 16:19,Candice Washington,"The Next to Die, The Marshall Project "
5/4/2017 16:24,Candice Washington,the next to die
5/4/2017 16:24,Candice Washington,The Next to Die
5/4/2017 16:24,Candice Washington,The Next to Die
5/4/2017 16:24,Candice Washington,The Next to Die
5/4/2017 16:24,Candice Washington,The Marshall Project
5/4/2017 16:24,Candice Washington,The Next to Die: Watching Death Row
5/4/2017 16:24,Candice Washington,The Next to Die
5/4/2017 16:24,Candice Washington,The Next to Die
5/4/2017 16:25,Candice Washington,The Next to Die
5/4/2017 16:25,Candice Washington,The Next to Die
5/4/2017 16:25,Candice Washington,The Next to Die
5/4/2017 16:25,Candice Washington,The Marshall Project
5/4/2017 16:25,Candice Washington,"The Next to Die, The Marshall Project"
5/4/2017 16:25,Candice Washington,The Next to Die
5/4/2017 16:26,Candice Washington,Marshall Project
5/4/2017 16:27,Candice Washington,The Next to Die
5/4/2017 16:28,Jackie Estrada,In Jennifer's Room
5/4/2017 16:28,Jackie Estrada,The secrets of dirty money
5/4/2017 16:34,Jackie Estrada,Panama Papers
5/4/2017 16:35,Jackie Estrada,The panama papers
5/4/2017 16:36,Jackie Estrada,Panama Papers
5/4/2017 16:36,Jackie Estrada,Panama Papers 
5/4/2017 16:36,Jackie Estrada,Panama Papers
5/4/2017 16:36,Jackie Estrada,The Panama Papers
5/4/2017 16:36,Jackie Estrada,Panama Papers
5/4/2017 16:36,Jackie Estrada,Panama Papers
5/4/2017 16:36,Jackie Estrada,Panama Papers
5/4/2017 16:36,Jackie Estrada,Panama Papers
5/4/2017 16:36,Jackie Estrada,Panama Papers
5/4/2017 16:36,Jackie Estrada,Panama Papers
5/4/2017 16:36,Jackie Estrada,Panama Papers 
5/4/2017 16:38,Jackie Estrada,Panama Papers
5/4/2017 16:38,Candice Washington,Next to die
5/4/2017 16:38,Jackie Estrada,Panama Papers
5/4/2017 16:45,Evelyn Wong,"Doctors and Sex Abuse, Atlanta Journal Constitution "
5/4/2017 16:48,Evelyn Wong,Doctors & Sex Abuse
5/4/2017 16:48,Evelyn Wong,doctors & Sex abuse
5/4/2017 16:49,Evelyn Wong,Doctors and Sex Abuse 
5/4/2017 16:49,Evelyn Wong,Doctors and Sex Abuse
5/4/2017 16:49,Evelyn Wong,Doctors and Sex Abuse/AJC
5/4/2017 16:49,Evelyn Wong,Doctors and Sex Abuse
5/4/2017 16:49,Evelyn Wong,Doctors and Sex Abuse
5/4/2017 16:49,Evelyn Wong,Doctors & Sex Abuse
5/4/2017 16:49,Evelyn Wong,Doctor Sex Abuse
5/4/2017 16:49,Evelyn Wong,Doctors and Sex Abuse
5/4/2017 16:50,Evelyn Wong,Doctors and sex abuse 
5/4/2017 16:50,Evelyn Wong,Doctors and Sex Abuse
5/4/2017 16:50,Evelyn Wong,Doctors and Sex Abuse
5/4/2017 16:50,Evelyn Wong,Doctors and Sex Abuse
5/4/2017 16:50,Evelyn Wong,Doctors Sex Abuse
5/4/2017 16:57,Andrew Vasquez,Once Magazine
5/4/2017 16:58,Andrew Vasquez,Once Magazine 
5/4/2017 17:00,Andrew Vasquez,"A Cautionary Tale, Once Magazine"
5/4/2017 17:00,Andrew Vasquez,Once Magazine 
5/4/2017 17:00,Andrew Vasquez,Once Magazine
5/4/2017 17:00,Andrew Vasquez,once magazine
5/4/2017 17:00,Andrew Vasquez,Once Magazine
5/4/2017 17:00,Andrew Vasquez,Once Magazine
5/4/2017 17:01,Andrew Vasquez,A Cautionary Tale: Once Magazine
5/4/2017 17:01,Andrew Vasquez,Once Magazine
5/4/2017 17:02,Andrew Vasquez,Once Magazine
5/4/2017 17:02,Andrew Vasquez,Once Magazine
5/4/2017 17:02,Andrew Vasquez,Once Magazine
5/4/2017 17:04,Andrew Vasquez,Once magazine
5/4/2017 17:05,Andrew Vasquez,A Cautionary Tale - Once Magazine
5/4/2017 17:06,Evelyn Wong,Geography of Poverty
5/4/2017 17:06,Evelyn Wong,geography of poverty
5/4/2017 17:08,Evelyn Wong,Geography of Poverty
5/4/2017 17:08,Jackie Estrada,Suddeutsche Zeitung: Panama Papers
5/4/2017 17:08,Evelyn Wong,Geography of Poverty
5/4/2017 17:09,Evelyn Wong,Geography of Poverty/MSNBC
5/4/2017 17:11,Andrew Vasquez,Once Magazine
5/4/2017 17:11,Candice Washington,The Next to Die
5/4/2017 17:12,Evelyn Wong,The Geography of Poverty
5/4/2017 17:12,Evelyn Wong,Geography of Poverty
5/4/2017 17:12,Evelyn Wong,Geography of Poverty
5/4/2017 17:12,Evelyn Wong,Geography of Povrty
5/4/2017 17:12,Jackie Estrada,Under Our Skin 
5/4/2017 17:12,Evelyn Wong,Geography of Poverty
5/4/2017 17:13,Evelyn Wong,Geography of Poverty 
5/4/2017 17:13,Evelyn Wong,Geography of Poverty 
5/4/2017 17:13,Evelyn Wong,Geography of Poverty
5/4/2017 17:14,Shawna Smith,This is your life/NYT
5/4/2017 17:14,Evelyn Wong,Doctors and sex abuse
5/4/2017 17:15,Evelyn Wong,Geography of Poverty
5/4/2017 17:15,Evelyn Wong,Geography of Poverty
5/4/2017 17:16,Jackie Estrada,In Jennifer's Room
5/4/2017 17:17,Evelyn Wong,The Geography of Poverty
